temperature,vibration,failure
60.65403299195053,0.5598828162606614,0
81.26041200797562,0.49538671364809106,0
57.77883888347384,0.5552851989642382,0
57.06304254762156,0.24469668892790852,0
81.30870714336595,0.5457998581300865,0
72.66366680337019,0.5580105934474726,0
69.8421222232823,0.43123551194707205,0
60.775922563828715,0.5578121388326901,0
87.00239523291401,0.5450685858415111,0
83.42482183509624,0.331711462559813,0
86.87942030022799,0.5262258564064193,0
66.60369400165682,0.6683586178863606,0
76.44347382721341,0.6820949292929684,0
84.46383682298482,0.2983704146891524,0
59.97183895223213,0.5134958041148159,0
53.72463158446924,0.3757014029411253,0
54.4357056752486,0.5758370511160285,0
80.97651028962822,0.44496995451832155,0
78.3008587647833,0.5223478420652252,0
74.41281131747081,0.46622373458621214,0
74.42090789295793,0.5507803998586135,0
65.75734992772023,0.4629101357632668,0
75.67837013750217,0.5678033566865281,0
83.60510607883506,0.5580216019663639,0
68.47241455644651,0.5636195085210568,0
88.19474660046775,0.47092491881923126,0
83.8881719289794,0.4649572246155317,0
82.34250797932633,0.5491321763864823,0
63.510840427298916,0.4681523650332731,0
81.21312708350293,0.5273233914427169,0
69.97472211607115,0.40893322516916397,0
68.24899580205256,0.3879015829178548,0
59.25815987848593,0.504433788749078,0
67.98919406374401,0.4024553052007124,0
76.79429771005883,0.49225887661397694,0
61.27949377349252,0.6226292224649022,0
80.20345632847166,0.4799298294391604,0
84.50681590615069,0.6291409639457382,0
62.06467977019584,0.4817467357150521,0
77.3206635374193,0.4457440995457347,0
91.27553366536185,0.5468216746471896,1
71.10463969589425,0.4451564399380944,0
58.34610565932002,0.5494743552867667,0
93.73640624299622,0.48806379867287564,1
72.53984412249929,0.4529366935369854,0
82.39112485352524,0.5737930190708841,0
82.17680158964555,0.48256802491525413,0
78.48916140539603,0.6769745166634981,0
56.2627545602679,0.4691026417286222,0
82.45067535370325,0.7274521234123215,1
73.48702402812674,0.48400843422960965,0
73.47871997536156,0.5567926697746266,0
83.04812542651118,0.5447530848992175,0
72.25468804082367,0.4329292150298884,0
80.50558655150057,0.5128443288240382,0
80.12740685046319,0.461541774360192,0
61.03808891070999,0.4622376433636365,0
80.24102890839542,0.4880918199968993,0
69.75053552222515,0.5149198685242009,0
48.95854793474209,0.47793237192976107,0
77.82496573102998,0.5939920184694022,0
75.46563192292042,0.5188730197957736,0
67.61837598205776,0.4908981345300572,0
64.8232533323233,0.574903798123961,0
65.22093748008075,0.6238700146903159,0
83.31406711327178,0.39325898576253737,0
74.16985473655572,0.5961347103421626,0
82.66603679831306,0.4320287692572128,0
75.24236014033731,0.5141021752977767,0
81.1089244526157,0.5356791601657914,0
93.42859979372969,0.5839363401944145,1
78.24820369247716,0.4085079785780206,0
97.75784777020597,0.6214573396880798,1
92.18516365901061,0.42026590593880164,1
78.79141258994474,0.3783135446590348,0
83.44387227644405,0.6330573674509572,0
67.41551403915675,0.5083964921180681,0
64.94324321492022,0.38389067410007705,0
60.48331244936997,0.4194446040083739,0
72.98909693273545,0.5595032109485643,0
75.10249643611877,0.5857295095589679,0
74.72533570884565,0.5523873425601211,0
81.18582830634342,0.351586395848825,0
87.17497014962967,0.6358391666173957,0
77.66758419477843,0.5747487635289974,0
86.40980407163002,0.23715613101548194,0
78.15879998545086,0.4017853072799717,0
76.06895205881055,0.5487965539442207,0
88.81471355649838,0.6352460304870667,0
84.97500981599948,0.5306073942066059,0
81.69655565690225,0.43328106092553537,0
76.67607187044219,0.3775235146999862,0
76.93794455146185,0.504852901704954,0
72.88659592292464,0.5011792334156445,0
74.43001083476686,0.575061608109867,0
67.39748115313898,0.5216319556017984,0
72.10224303766898,0.4990419550975438,0
65.93730161569276,0.7192512727011326,1
82.54633274491798,0.5393226348529396,0
94.06290126467614,0.5134106883809066,1
63.593592365126455,0.47874454701927754,0
65.86656352806783,0.358618006442681,0
68.00138175309756,0.6319183998086542,0
81.10755175351588,0.5663734496348161,0
80.60733546164383,0.36683704104926707,0
87.63088249590405,0.35448247645318964,0
68.9110417044886,0.3459597269150232,0
71.09623241202844,0.478496192602199,0
71.67317701881947,0.4880642295928724,0
59.160593599349106,0.4804158307337119,0
78.6088740042598,0.39638302499145506,0
74.26082702436631,0.4604370833053243,0
76.72815975721642,0.5467811284357742,0
72.15815056491985,0.4330556791258743,0
65.9612161190747,0.5920916563950025,0
53.231158468779924,0.5313972615591667,0
85.72459067399981,0.5143816911753435,0
84.16123331643978,0.6212020885210894,0
60.996384964606776,0.4145696837690436,0
84.83789260992792,0.5967563515265564,0
76.52162368325568,0.3820386099547036,0
65.8059887556976,0.576996527438184,0
77.63477158947525,0.39447588333255623,0
84.70111556030142,0.43136741870884204,0
69.1068346710023,0.45177419827775583,0
66.73661203028479,0.31695214271452493,0
86.6756442307826,0.47414069281178467,0
77.56245640379545,0.42113933549738497,0
81.35120805710379,0.35712593190512054,0
86.99038484485523,0.5513122415092716,0
74.1412139473226,0.6584947058987111,0
63.90780921472437,0.4924030991712207,0
76.12038061434161,0.3997179640991119,0
78.8424923630318,0.5687370557135228,0
74.49688407226529,0.5872484720806748,0
68.96409486522424,0.5835620338272179,0
82.9833637804095,0.5179400705095416,0
54.23318627682873,0.40282408666977176,0
66.6526481703884,0.42216415390701306,0
92.25080809401877,0.6309994770219219,1
75.40014472165278,0.5040035193250857,0
70.76407077711055,0.5820208209359836,0
96.94389382394274,0.5815182802261197,1
77.34585914563468,0.5953880765348105,0
61.872478112727194,0.7360186159880161,1
89.38699588136352,0.5036640416530053,0
77.88904544737477,0.4237864815556415,0
63.30454822951803,0.5510860415708303,0
80.84832462344642,0.7507499152810421,1
60.37561332544168,0.4760978787685759,0
82.94585958795088,0.47609305466419877,0
82.55130981848582,0.5282576466490428,0
59.24534876100414,0.4208422318317534,0
79.40833148819438,0.4792535628787038,0
74.92301382034027,0.37914909448029765,0
84.89569277983132,0.5972060887815696,0
68.72432589847726,0.6222490484816935,0
75.2203400983292,0.5966197681719068,0
66.78521385327656,0.514549277793462,0
86.40709944209613,0.3667194300896617,0
60.85274099564842,0.3977480298068652,0
72.2821263713511,0.8014622898811294,1
90.60327195805378,0.49681505304308915,1
82.92875375124959,0.7863894955490909,1
76.15594956860315,0.42709688868276996,0
91.83408224685147,0.6256144908424125,1
98.33437425604816,0.4512977530756484,1
80.20569961208334,0.4866411491569038,0
95.09323120836143,0.6381744312161268,1
66.76624069650663,0.5774075401079501,0
69.54444378598926,0.568200683283519,0
101.31615054174794,0.45131185441325117,1
62.47793985563675,0.5144621519000478,0
87.18951908022893,0.6094705617609146,0
66.57055511743772,0.27075893176346666,0
87.38615369938965,0.48399167952177197,0
80.53405766509961,0.5336137764006604,0
78.82651478681083,0.6378028882167023,0
73.1479120114201,0.44297546627802553,0
64.16577351771166,0.5828049806428717,0
62.05313936178064,0.48430016144466964,0
69.13016650898142,0.5470147029495105,0
67.14194639132987,0.3931496413794062,0
72.05018672781274,0.5505458157075696,0
70.36844012440405,0.5451767722005253,0
79.29849638254923,0.4539199748366101,0
62.95442790061328,0.5631142631588686,0
68.10408396104879,0.5092438086938499,0
68.4097242314624,0.4325704446133073,0
79.05733646875913,0.4895026414046193,0
70.46584417314386,0.5646915419043661,0
76.38866763930015,0.4795032996299433,0
85.5059241766467,0.48645293314617566,0
83.26518559770972,0.481339893349595,0
80.82278014984115,0.4174247653098807,0
61.50486808191726,0.4985916210566084,0
80.91480043470384,0.28285291357287223,0
70.03060649355878,0.4182917975324453,0
66.59052837707672,0.4563072904667726,0
64.54583821738767,0.5103749117372266,0
69.64249466312256,0.659322762163409,0
73.25073594507418,0.38716490233725315,0
70.2566643874874,0.5288836839933139,0
73.26083389475478,0.6323263761656026,0
70.5453617706461,0.4297355878926041,0
80.73360943843872,0.5352814485064029,0
76.13785068805727,0.5472153500488917,0
53.24385327622143,0.3521569323061753,0
55.026417292049985,0.5599888468480158,0
87.95866685785202,0.5448179902559915,0
64.90052382962146,0.5195427090172322,0
67.59340880113436,0.36758552983074333,0
66.10046145269617,0.47229004416647835,0
69.98278001694965,0.5333346343443387,0
69.66086567399798,0.5528529702096446,0
87.65991715354146,0.5777731214263867,0
76.73158861552257,0.5502498956736618,0
76.11166191505139,0.3499252212410824,0
69.21035769398237,0.4454917150859028,0
87.12213614161166,0.5398030141608647,0
83.33569232641494,0.39586990157143,0
86.38143969933188,0.6550791653294298,0
74.32806987483387,0.5878810579822781,0
78.58262609205906,0.4081247440879338,0
78.34469883029824,0.5931093292235511,0
58.77199635727839,0.368179958589248,0
84.50796306573187,0.4078462439688328,0
87.02545336553756,0.4089937568892321,0
67.91944089212068,0.48105757461418724,0
74.44919462096134,0.5744513665193156,0
76.77197294454888,0.4637527040514125,0
68.20544212934753,0.2387996601497352,0
93.77664440823155,0.572866962262665,1
90.38475748142247,0.2732809571016399,1
86.38648744646912,0.4928987823317163,0
74.15792666921386,0.6058558425163438,0
86.71855984186261,0.4646980044846545,0
76.29508145973682,0.491361212400309,0
55.014207767521064,0.5525584032680004,0
75.32292622031197,0.55617511377927,0
77.45887421209937,0.36055999249915055,0
61.66375244650446,0.491671065123939,0
62.502216025530494,0.45833502176234264,0
74.96314621419366,0.47220751998615473,0
51.75386528230252,0.47909077268223116,0
71.79881602917666,0.6304610264822774,0
76.55787232795754,0.4565110847948518,0
66.20676151670273,0.6548798637469659,0
70.40613307423162,0.45469199368709606,0
75.05180217878319,0.5656339161794466,0
64.11546087627718,0.4670017977551837,0
76.4514907627918,0.47646354690705006,0
63.68122770639675,0.48641664220756603,0
57.87816132362016,0.5322071988990452,0
78.60697134598473,0.39612642514056184,0
69.82981409731964,0.5929840507194539,0
59.67112847823875,0.29555603640923794,0
63.21999737582534,0.47826062782765505,0
73.95632759928348,0.4255887304621957,0
74.41805951036812,0.4894078134820869,0
77.81697770486669,0.5005042520126682,0
66.00265391358292,0.5270615896663204,0
84.62061365302661,0.6543997856721049,0
81.88620956245096,0.4335823610495624,0
59.94974599541321,0.5633487717985424,0
69.26987841698441,0.7516234043944753,1
60.308029532578416,0.5538483646503563,0
60.162525060675605,0.6678030526093531,0
74.43729081917192,0.5312830843105462,0
73.9434477320897,0.514711200296443,0
72.935653253457,0.5403810630969901,0
63.23313883289441,0.5305063180978511,0
85.75671516542941,0.5558983189277349,0
83.90334753431169,0.5774695869070252,0
78.27898472746888,0.4818484404265394,0
70.44150231351291,0.7930508516486692,1
84.38156701998147,0.6182178495481617,0
64.00555248197696,0.7103238668593634,1
77.93961054122259,0.5080711284068024,0
75.6517551436034,0.5552930129133098,0
72.88750930628773,0.5192480746510124,0
72.80210396661133,0.46498303456329865,0
80.5982157379931,0.3636300191603892,0
73.11893934437545,0.4240728360516567,0
84.19946979084385,0.45607717356559113,0
64.24505751024124,0.5269086897534626,0
75.34211491298873,0.484760284783406,0
75.84983795507041,0.30663292431432143,0
77.00404827604521,0.5052544624341666,0
82.8980721987266,0.6013793047653598,0
84.61932520936273,0.578805476734361,0
77.72695886226752,0.5894761135856872,0
74.66105426209701,0.45225085728271547,0
72.6552400105412,0.644532748398937,0
71.49655914194685,0.4786802326474556,0
86.2837766331678,0.2971823010411295,0
75.42642972498966,0.5054535176948285,0
82.92966537687641,0.5031643795713938,0
80.90909112997058,0.36784298835633766,0
73.11643820813843,0.37122645832657886,0
91.70639049430628,0.384268180063831,1
65.75746988416407,0.622038756537248,0
59.79404899675427,0.5074617417808286,0
83.37514249184147,0.5331906770796995,0
90.33047057890712,0.7201719299851201,1
86.11026222744012,0.43896485930738904,0
80.25935459543565,0.6392241642806372,0
71.37161720068015,0.45537958436220344,0
60.25374939630092,0.47933614730727836,0
67.34984986490969,0.5450431457020312,0
65.9495933131567,0.5146111056641924,0
59.52600195366037,0.48800333634923027,0
75.45699535554053,0.5092993349601566,0
68.80164445798327,0.5866655880240806,0
75.02952677294783,0.5179368596275545,0
75.75406849156984,0.5631984236729393,0
73.47312295289053,0.5180901046470474,0
85.64555813669499,0.4105302851203762,0
62.258007372709216,0.4178788220349168,0
72.3793613663925,0.4044868430753418,0
88.51133402637898,0.3402626055819793,0
78.60949926364846,0.5258106846915082,0
63.26415273252306,0.6303065493767332,0
64.78430733690624,0.5266886714167629,0
85.88268968757883,0.45686166701078856,0
92.18759357132305,0.2887705176715533,1
91.71015706052825,0.359185569186078,1
75.71671158651793,0.46137194799753667,0
68.57826693646939,0.5670330874879428,0
61.9184983186825,0.4971570999721508,0
85.12746293637525,0.5108923744357284,0
86.59406922934905,0.4808356261292248,0
59.47473580596164,0.6493962722585513,0
74.52327847893991,0.5821149501915921,0
71.7676206859197,0.39794015191250837,0
55.05476127296519,0.47566313801191623,0
70.30215931116034,0.2933715248315733,0
94.59547315290199,0.5361971630524306,1
71.86241001478555,0.42972350679910154,0
73.7437145494842,0.5426577954052652,0
77.12766072458493,0.5230133982698636,0
78.16125809732644,0.5786043928803585,0
85.15231146949415,0.5499564908610693,0
61.912663315494804,0.732796862282186,1
80.74247867629029,0.6169877714725318,0
71.12562848955147,0.5280504493248637,0
83.71915908421913,0.5024551999229864,0
61.76172311552547,0.41624065821438605,0
83.4316163141119,0.4512650767223813,0
81.60131167759207,0.6726187089501733,0
103.21948246243528,0.528404152020886,1
76.36910080339176,0.43295879868415477,0
77.10651092918872,0.35413515542102136,0
72.98293260520221,0.6356206845706802,0
73.415359809136,0.529978345809235,0
78.56170491934753,0.39167031747126047,0
88.15571598399927,0.3368553501328987,0
62.886936025807884,0.4078175207457015,0
91.51942252562596,0.42205802257488534,1
91.54139959723125,0.6597035009184099,1
74.58237938361097,0.4180488534638858,0
94.02671699306528,0.5243742471209152,1
70.79588222641019,0.41313142820596477,0
94.87811379074063,0.4138498341628214,1
85.59127890275776,0.5300477141728277,0
82.7419726240159,0.48048157083554416,0
66.21425721679644,0.4739206982994755,0
80.09308338945999,0.381139380073838,0
64.14807569973146,0.2659466659822184,0
76.37379483388847,0.48204606048068455,0
55.8903500367406,0.5553097096295575,0
60.92628666198069,0.619091449087166,0
81.14319955244142,0.5625307170623501,0
72.55331058332389,0.6318748679877303,0
69.67281766538694,0.5011242579338153,0
80.64178553848225,0.39537803541398536,0
80.68365909012634,0.4896592520648674,0
70.12898440447432,0.3762922545432761,0
86.44427639925665,0.49981997132663797,0
85.52037491514787,0.32221995583217766,0
76.18877670143445,0.6351347396194561,0
68.78270651843026,0.44548928251948,0
70.70563505225681,0.3683268022409295,0
74.20260790990956,0.46361982687220704,0
64.65217791907585,0.4954612591268328,0
70.46850618629558,0.32896888239476296,0
84.51213077069761,0.5301514097412402,0
76.14038491126992,0.49708926674513054,0
80.69732645339654,0.5944736722370748,0
85.2446184264326,0.35394344776388575,0
79.17310696057471,0.42750015883155457,0
71.77072688351393,0.4331798947468564,0
78.6572735928725,0.5406183499338177,0
82.09739177552582,0.560938365065284,0
82.7454899018195,0.4516428917395022,0
74.67468311546297,0.794712472540176,1
58.281303923608476,0.6275717950805745,0
81.75744558279871,0.4947476789749893,0
104.8992603361814,0.6949388999912146,1
68.76948576827958,0.5563329548191109,0
65.7889974621582,0.47923745903937637,0
66.55961385726124,0.5080866358057031,0
64.11760324187293,0.5791464849730212,0
77.13681313182794,0.6018229093561025,0
63.90650957475772,0.5258874670672329,0
74.66274998283718,0.2956367097056244,0
88.9785331762699,0.5890054931726634,0
58.92673468455142,0.31356128296021246,0
77.2040869405822,0.3381512327987481,0
53.35834704004174,0.49192865020275867,0
77.43515815069506,0.5218062088570491,0
73.3914479674794,0.4404469196600814,0
83.57744516301594,0.40399931141024464,0
86.43149533872369,0.5442201282943732,0
74.8964226291167,0.3450652195759746,0
78.96043454551997,0.4814688352358463,0
64.38208968039031,0.43078211146191536,0
58.83147497387638,0.5462674832593587,0
66.99612935147981,0.43263746941136705,0
71.14140965602728,0.5209336830969652,0
75.77777532127571,0.5033582517764322,0
77.38468813822644,0.4191064448485546,0
78.00585661712415,0.3507453990737238,0
77.41062789333854,0.2959536334434719,0
74.74161506905924,0.5352857347075994,0
69.32518597706786,0.718396067676766,1
68.26564484550642,0.5563823140729263,0
77.65531734113883,0.427558550979333,0
88.29554527089594,0.5461579553176373,0
68.05882721314362,0.5154288015388303,0
68.64307415618525,0.4859780790387313,0
66.47603163260023,0.34695633174284923,0
89.60807726566696,0.5241328242862479,0
50.579581215178806,0.6171463135606173,0
83.87296508849246,0.5664407635961647,0
73.74016544996685,0.5214683609284899,0
73.9005912152953,0.6067295383924369,0
61.10297459067182,0.6343121871042401,0
74.79978740589188,0.3809243507750026,0
82.38980684814078,0.5917613709069136,0
86.1530430237141,0.48913611383243766,0
76.18599975240448,0.5544882146887209,0
52.15911238277998,0.5147170540282421,0
65.49524925024996,0.4875905233514734,0
74.3710064341223,0.6831291032944191,0
80.46584960616741,0.47444601783664975,0
72.45262059946894,0.4844195834753589,0
94.31786278014056,0.4578509234888096,1
85.43957519369634,0.2938713222716869,0
84.38663408195248,0.3892486535564371,0
63.83093212868352,0.5158485166578617,0
72.26491656952902,0.6610434581732323,0
72.6702620680232,0.4923739835685191,0
98.58102638743252,0.45353228280876745,1
75.84789250279793,0.44324188532516495,0
79.15594353341199,0.3674552633767909,0
60.26600376887313,0.5046795118648494,0
81.43742149286204,0.375230869814749,0
71.33193695283074,0.5343256656307411,0
72.89563937328104,0.3690649581502923,0
76.58314115606252,0.4968539712627608,0
90.61783881418557,0.4334889602086585,1
74.54775666219501,0.31596767917378554,0
71.56441530530259,0.47656793290251254,0
65.3286439721197,0.4163982834749963,0
82.98958139168457,0.6341118692632152,0
58.660251043599374,0.5601163498139478,0
84.73709682934647,0.4747193610398143,0
67.4314065398238,0.623050704229941,0
67.60224697323007,0.5255171904802557,0
68.6555043260257,0.42552132509166807,0
74.44781024385972,0.28907000894414264,0
65.60416656488148,0.4617692654657294,0
84.80409507076352,0.642181633448718,0
89.54593154156959,0.5028630999541397,0
77.24659650170685,0.4586765639181571,0
89.6885105700777,0.4999281508610767,0
64.05906111247795,0.4371770290046707,0
86.90631370670235,0.41396447747412424,0
69.960950787603,0.48640261919633754,0
83.65012092872558,0.6385747487550557,0
74.66453938587308,0.5915520583399979,0
84.23978321812784,0.36536759282380316,0
87.7139760957593,0.4931993980048073,0
68.9346805899692,0.5863685224029884,0
91.21554134572469,0.6058351844758353,1
62.67738930712868,0.5627662144175968,0
65.16981979414037,0.4888617695062296,0
68.34131630687236,0.5932045180896274,0
82.87452695289544,0.6257637307844066,0
73.35868422596343,0.5596333743090908,0
72.66573604069693,0.5990507904548893,0
55.90880936926973,0.5517709288804534,0
71.53942198291205,0.45961123643609963,0
53.74980489027564,0.33774351297052907,0
70.06636204545404,0.6657617556084443,0
93.8098523463001,0.5239202223689791,1
78.19175003732943,0.47760131013895285,0
81.06469782786455,0.4791357503183477,0
83.90601341879702,0.3957843324756886,0
60.50453879708927,0.4250882326381157,0
71.93743783670817,0.6098470268972808,0
85.51718358695359,0.47957361051899683,0
86.63367131002146,0.48592944515874786,0
93.43343843932841,0.35506533960264164,1
78.29199187142208,0.3727795761402266,0
62.52026145782382,0.5246709659071264,0
67.290203584057,0.44724277559929443,0
72.90158318731817,0.3803107918537928,0
81.05580982986446,0.5573132203751854,0
74.40022328028726,0.49696604937859334,0
68.12156309192406,0.2881682266389735,0
59.48370044232731,0.6009334027942275,0
67.08434744703905,0.44675302693725716,0
67.43254765494706,0.6552896984396651,0
91.70093760381558,0.6460092952295136,1
88.99688757231627,0.653932280886815,0
73.45667479490304,0.5230378552536772,0
62.92560607767914,0.46955770028955807,0
83.30693807656242,0.534929823299508,0
88.15699673694448,0.49176674938027326,0
77.51023955622739,0.47276133693006406,0
46.46811551601812,0.47200836665430446,0
62.027875297756076,0.4027993096590584,0
58.40675568305436,0.5473671182576929,0
74.60044125780995,0.5190751018016964,0
70.19115408945305,0.36911557645868076,0
57.70690238188375,0.7960596490950547,1
78.3497759477486,0.514423932124808,0
78.6646967228113,0.6527009571561284,0
89.31432191634383,0.4641563943073909,0
70.5864332728079,0.3831328557131481,0
53.236108459967355,0.45657791871513925,0
63.88179740688574,0.49644118203390114,0
62.787823224968534,0.41515887242434335,0
71.1010465472658,0.6387062711713596,0
63.11633329844,0.3910540295165147,0
64.52791540869286,0.39559336295043734,0
74.30976369035979,0.3225206517434961,0
67.36146477738748,0.47514296719472177,0
86.29873193844941,0.39213011019910615,0
69.88173415817947,0.6310751714880867,0
88.86884504889635,0.5699757780295283,0
76.63155443070917,0.5762861920081288,0
83.34673965265435,0.3734211194178826,0
76.27944535062068,0.6114619497019562,0
84.56584223032647,0.48342810006258713,0
76.8005993151689,0.4530809565267984,0
64.04106339203292,0.6047359570869971,0
65.68221106413615,0.4849655319378154,0
79.07227031971739,0.5821974303748847,0
81.98666000409247,0.3915312985391428,0
68.178061217772,0.47238169487087134,0
76.93211627229019,0.4411719430189845,0
96.59395484017242,0.3597558526678577,1
57.22004012325901,0.4996502745479314,0
93.58096318772016,0.4454426851437091,1
76.02370477641395,0.46406449428025076,0
90.64333347421524,0.6722930754356921,1
90.41372991163567,0.42703212276419333,1
76.17842033732968,0.3845510500310423,0
93.95642455358387,0.7024579135098902,1
70.76494297035269,0.5140643276888526,0
70.925688702511,0.3447195878909277,0
80.9316029768989,0.5257450857844863,0
70.1321285410471,0.4542273326060675,0
73.06548695650554,0.6361033279120349,0
67.05116725074178,0.5623950748366146,0
70.14255109027052,0.42992256222197656,0
72.1762327763367,0.5154643436818436,0
85.14726382085716,0.6048875427288859,0
66.0933702515934,0.45764131213144704,0
93.70205959759608,0.5810971453310526,1
87.42010519277216,0.6193341669384836,0
73.45832122212381,0.5512875350850577,0
53.82424252949134,0.41216469896262015,0
78.60930695283375,0.37041647959950763,0
59.07063370867396,0.5661548839337439,0
58.73123859994614,0.37703349282382964,0
89.76425631837402,0.6095717125084065,0
63.82697033543286,0.3977135673019685,0
84.7523886736725,0.4972316224292688,0
91.98651169140832,0.5376992315465199,1
72.07356169929409,0.519174522629708,0
71.52215208648946,0.6981255087773217,0
63.30329087943812,0.4526095671455681,0
78.12585106967077,0.5120707452276116,0
79.49269308936357,0.5202117826389673,0
87.78421574415987,0.5538721451116003,0
78.78867037521638,0.637296105851433,0
75.4295223495086,0.41793068126003957,0
75.12856326507624,0.6577388788102668,0
74.77954105369966,0.5650151103762706,0
62.1172337549274,0.5356597963945603,0
91.26353189844312,0.42971607108881876,1
90.68184980121954,0.5957243304142922,1
80.77519878043277,0.44672823533559364,0
89.81960618113717,0.45621875931826666,0
96.6518658307341,0.4118898197780102,1
78.70952063070013,0.6092233656353883,0
85.63426684355365,0.5473006065838486,0
102.21407690027873,0.5623729622237723,1
68.56637202875154,0.3204867598084422,0
88.63332368081794,0.508044995343833,0
76.90121260156464,0.5104674770989056,0
94.407434431074,0.5760009524718003,1
73.34609982716533,0.4610398254460899,0
64.24117141656971,0.4800119473805775,0
81.1129300644994,0.4249090537158458,0
68.72544880394844,0.5546027056080167,0
89.28484700253708,0.5602620746690214,0
58.293591464144825,0.5375288930887119,0
83.94722947218995,0.5252111922584938,0
74.50946423581323,0.4943577657226557,0
91.33911777929427,0.45137708671307014,1
94.20339125283567,0.41020611784037064,1
84.09437636251347,0.5203164775292277,0
68.7178383481583,0.5921235677367275,0
72.76472383152523,0.4503867850198613,0
80.76696214862967,0.4253723676226239,0
75.1758656945703,0.51940557917117,0
61.34353351840237,0.6379629887538438,0
75.518538178717,0.47074334965063447,0
67.57841845676987,0.47859147940215224,0
64.00071035663414,0.5544910326554415,0
79.69017076604031,0.5794521313273474,0
75.39717927686229,0.5525203362326464,0
73.46003943683203,0.48644598040428283,0
85.8569104146069,0.5660761195705932,0
84.35071999032456,0.43535523441906193,0
89.53911052549066,0.5754648068645988,0
71.67150099690622,0.5806301560289415,0
92.12354168993122,0.653321626601286,1
71.03121371517912,0.6825269947506023,0
70.53920009109264,0.28907577110065574,0
77.23445837821886,0.5134869847337178,0
99.68010377487958,0.4595030144234342,1
89.97614062959127,0.4220509109667141,0
63.05859599473615,0.4155743175272085,0
75.19913750098861,0.46849445771055803,0
65.79522622637768,0.638181961710229,0
97.2075271158502,0.4672479231912447,1
56.18613701832571,0.6512985703947127,0
73.88497229260696,0.4443193348045684,0
69.05714107817943,0.6121509786320503,0
76.54767574885756,0.5113616750107641,0
78.38269052051224,0.4994563307767976,0
86.02014077475782,0.5066958599806485,0
58.42742773369679,0.35255802045714724,0
76.70562696503339,0.5238486769898265,0
68.69204536514948,0.5435089678655118,0
79.19619630183182,0.5170322073699802,0
73.57294528555653,0.2953044148170242,0
56.91471616450791,0.5611207298883188,0
88.90658007881252,0.5006678849986675,0
65.79704320927777,0.32094795816082267,0
84.97876750627795,0.42793156205300215,0
66.15367173715507,0.407458459368978,0
69.89404301092385,0.5657569623740356,0
80.33910416836726,0.5902038627875654,0
80.85942979778126,0.4285532463336599,0
62.013121169608645,0.5544226760623676,0
75.87899677370841,0.45566833039479543,0
75.90962533717332,0.6275746141897255,0
73.29720526746173,0.4062421719675495,0
80.10641870116102,0.5465570189520248,0
69.2691299164064,0.36661931171734075,0
79.88819870021034,0.43186077676648504,0
84.43775570244149,0.5003763711836133,0
80.76850513625773,0.4713503859408974,0
88.87446289813455,0.4108774151019604,0
76.62265277173755,0.6322762041525899,0
80.95448727684143,0.5448528373387419,0
75.46084444242041,0.45815716540207463,0
81.54482419238052,0.32209219274558465,0
75.79181091849965,0.3930264429525615,0
72.50670631413378,0.5624015301255172,0
91.4193856018403,0.3607646046993021,1
76.32672616826325,0.5439289794796623,0
67.94388047763017,0.5325705191245539,0
66.07286635451321,0.35093958252613267,0
64.56854915527614,0.4345800626567772,0
65.14024569753231,0.4542182774058055,0
63.29143382434567,0.38969432284478867,0
64.08960881447723,0.3198914307757875,0
82.95900015514493,0.44054545429656583,0
79.32887055129592,0.537652178424301,0
63.23874810312578,0.5776311366397268,0
57.692541558948065,0.35621247252633526,0
72.88062097254512,0.5073980285180308,0
73.51490503753088,0.34660525856524077,0
83.23454804464203,0.5482259141269336,0
83.7450545075326,0.3959042936479298,0
92.86781502353503,0.6869449064085397,1
70.8119110302776,0.5897312413006619,0
65.98884020239477,0.5553738075138209,0
72.52934826359413,0.4493693258551122,0
68.3573225874375,0.4325866580474475,0
50.32041460465058,0.4068405674889295,0
66.08895323625092,0.79257433901111,1
72.80859226069823,0.4669447091415012,0
78.6922888250587,0.5472895333052192,0
58.95986548398446,0.2614583031425861,0
69.65821858896349,0.4560345988249329,0
78.29887431994547,0.44987744776590716,0
76.16960487964616,0.48466619439383746,0
81.00785818374574,0.6567931997863117,0
79.81869613206374,0.42600999441998166,0
62.880502671217435,0.4881189138327398,0
99.2157297686048,0.5641401134479989,1
76.40520052917024,0.7365845977870621,1
105.07873250152369,0.4209161997348153,1
69.29969611357495,0.5122206662604395,0
61.32441632499301,0.7271640214619797,1
72.98382363385613,0.35919363849893005,0
82.84107780109318,0.4576754923458585,0
60.98284593388462,0.5061342150150859,0
71.21451470750996,0.483849373686705,0
75.91164222230243,0.5365917614943292,0
66.47735039651525,0.5209678848542552,0
98.2636929699014,0.3795855453626762,1
78.1715035813136,0.3519894378598263,0
73.7512779553115,0.46889661568288127,0
67.4481055424912,0.4289386308852824,0
76.46352223074132,0.443724553194091,0
79.48065522516336,0.4288032519445302,0
72.18070361874568,0.5573002842004976,0
65.2076694305461,0.4503748712836002,0
83.00171244785734,0.4997198896017074,0
72.92217555622634,0.46908966536476643,0
91.51158928948746,0.42722016707395905,1
84.36947679469085,0.5825948344738746,0
71.69169418896081,0.37494160308415736,0
58.156497871888114,0.5008596478717534,0
63.65778810623228,0.6065592567351196,0
80.30702104951,0.6161463103047251,0
53.873107441351564,0.5502712636723925,0
85.7170941793848,0.42428217826229603,0
79.63907172798682,0.44977506996004285,0
88.1629357940715,0.5982178729678411,0
79.84057931445628,0.44951381671253343,0
82.80428763954286,0.6426245625621262,0
62.79343395375456,0.4022291612106802,0
86.91933370519578,0.39991684260528093,0
81.496741358198,0.3852089174192273,0
74.69180785217789,0.5003672419019765,0
71.68121691373582,0.5332488523316998,0
69.71091894391402,0.43420686469042663,0
78.20655274388605,0.507701991104257,0
61.89812834583218,0.5215533685439925,0
68.50063821932504,0.6122404839844721,0
69.14570937769638,0.5712215996052832,0
64.31471967011414,0.3644860081469328,0
80.4241171127344,0.4878184635185728,0
65.72596332866252,0.5125748842584862,0
56.905809463992256,0.5543796740620826,0
70.91744389914307,0.33322235947493767,0
79.39261823324671,0.4523779752641842,0
66.98600066652506,0.5629329378813827,0
67.48145827529638,0.5119633289534523,0
71.18045553939162,0.5829198604031525,0
75.07556439133792,0.4654003095905326,0
73.01971665917036,0.4874420256980553,0
62.44732388805257,0.3596691469556309,0
80.05591883502322,0.5729316500143103,0
71.06620188141075,0.5666432510217342,0
71.97633896671078,0.5938955072198315,0
86.85496382084068,0.6711143503367275,0
58.398815734471725,0.4563501415660894,0
78.44343218431266,0.5350896084993598,0
82.8072244742715,0.6279827964966256,0
76.82520906630327,0.6281969331076972,0
94.46375478097684,0.45442468995921553,1
68.5166691459932,0.5682807714522012,0
54.47618266972107,0.5817682562012366,0
86.24209936900998,0.40669066974813584,0
84.65482099405,0.4527318910007549,0
85.25858939493224,0.3167539258106229,0
78.45212153043681,0.5305564919225149,0
67.53587571702035,0.5786283169827553,0
83.82880135067609,0.6215367987212597,0
72.01733062841247,0.49222509491224103,0
70.82804042767428,0.5844902001444021,0
62.159755529573125,0.36681210739604087,0
75.06575038729761,0.5974587208655932,0
76.93336341091928,0.39454660917883916,0
70.10661360078137,0.18956057457434516,0
78.95570682574377,0.6660194694232879,0
80.17558175036027,0.21165421143520718,0
74.07543723506953,0.6358375882315545,0
67.68751194250626,0.3829904283745153,0
63.28167532750913,0.5396193436826865,0
77.2485466084238,0.4838184211265894,0
66.78832142833105,0.5610922449506407,0
68.90259343674569,0.4852669322323437,0
79.63309738009073,0.4973029304206519,0
73.35320671374475,0.4341262102438589,0
63.35974784090978,0.47486147859314,0
61.94611840418865,0.43439888930970066,0
84.41943761584712,0.5429052461961653,0
94.67231515348423,0.4303908951463279,1
76.9125178598185,0.5643599717773796,0
69.66061297790091,0.47926189851284895,0
79.83399986917557,0.5249373285147636,0
80.74649686900655,0.6064211764179372,0
64.00488623139,0.39922550280054936,0
85.79045050320936,0.40760138222003695,0
83.78962317903998,0.35013888791904657,0
64.34044547338155,0.49848936498411606,0
76.63181710813996,0.6034692128047544,0
81.06588784831897,0.47034304140454664,0
88.80720514953613,0.40586213705246627,0
63.99024038666763,0.4327575861337722,0
60.76897898139622,0.5073570118959285,0
50.84293191345446,0.37611457427679484,0
78.53279554100267,0.26337219293134206,0
76.91553793547958,0.42304605641283444,0
84.26848990068625,0.6079102491606446,0
83.5097161718572,0.5512606398619811,0
54.44744366846052,0.5577181114681153,0
60.06147213473716,0.6062025021505526,0
79.72800434820263,0.5473622086676967,0
50.048973274739,0.4285508941281288,0
79.81995209592459,0.4546299209000954,0
83.63404306626607,0.6452013419179382,0
68.12995321999834,0.3639671633988846,0
64.11160058590605,0.4098883048521214,0
69.7901998638815,0.46116495834833615,0
75.6338719001201,0.26574870977561427,0
73.23941587447963,0.5534657697971925,0
72.90175105335535,0.3289535087819049,0
76.11754542605033,0.2441930186676487,0
77.38136348415465,0.4399903378142035,0
98.15251433358473,0.33137005979007184,1
79.95642481882786,0.6208447522016664,0
58.39746073570187,0.4868564954741132,0
69.53431271142654,0.676720259701689,0
77.34372772119939,0.3327649675622648,0
81.78114228913032,0.5273735745015108,0
68.15392517719212,0.4858327758354484,0
75.58691836398651,0.39669690583022116,0
70.92513815745384,0.5282794285928911,0
94.67179610700474,0.4960203751942353,1
80.55545968361741,0.32037884587100385,0
98.81771851093319,0.3536840972273576,1
73.61732612998907,0.6798452631168559,0
74.29192171042276,0.5520103983640534,0
78.3263014355166,0.44781948756233286,0
63.53019493153207,0.6452613606016384,0
80.50005405060648,0.6094993179899416,0
74.97024838787388,0.4608824109065484,0
86.14716828358058,0.5416374913130307,0
90.24479981365839,0.6735458229022047,1
85.50668795563828,0.532887366997432,0
71.9502213327981,0.3999076798224658,0
81.6490769345369,0.5413494439399079,0
70.69136069985584,0.48171647428820846,0
78.43365882085061,0.5410276043361354,0
79.50602394442747,0.6459273390797846,0
78.92646232905825,0.5911059919942288,0
70.51659529775904,0.4768141587860788,0
76.42488208527993,0.6047734516966619,0
82.79537015474767,0.6359791916921865,0
70.35610498505655,0.5259283835132744,0
54.81785565384158,0.5056570354137704,0
71.7332088989112,0.4253762893035648,0
75.35956874620838,0.6683493037147646,0
58.34967692080326,0.665121462063689,0
84.6183060320535,0.5217339643877716,0
78.50582431178965,0.4844196819373091,0
73.81156475568498,0.4082233981187881,0
64.223145304305,0.5292572831538563,0
84.4254217140574,0.32946329744342756,0
59.287219830637866,0.4419445961822916,0
53.45776776572599,0.4064634211972869,0
84.76896134688337,0.4927740393912092,0
66.0000531500952,0.519522232907369,0
69.69496196947402,0.46079459563450526,0
60.278680587736595,0.5076057155140088,0
77.55990553985372,0.44638289465792236,0
70.55531705813583,0.5669768493753923,0
62.99995542433113,0.4461498062190433,0
92.34054380385264,0.3633526848778066,1
74.5114884506828,0.4349341688362646,0
71.78422615205257,0.39063525383124303,0
80.09991385192967,0.45495713612558586,0
70.62639681376405,0.49183178655933973,0
58.79626725292389,0.5862253635265682,0
75.43807479712329,0.4785464292042229,0
72.04042651319261,0.5262375577948035,0
75.04656266142808,0.5920733472389863,0
60.92456653027426,0.5103899880011862,0
70.74429236952376,0.41428016198839784,0
76.85522475498679,0.4868464701281399,0
84.61932852480103,0.40839485259749425,0
76.80292117940967,0.7577189474875121,1
77.48999102370355,0.5667798848096162,0
84.41969060211343,0.5055921081964225,0
72.51163808942306,0.6457762686056995,0
64.08358509281356,0.30830629079387417,0
105.28759489870086,0.4386214555458986,1
58.222435514057565,0.46237386947894094,0
70.57416758353381,0.4316983532373165,0
80.44957336591892,0.3950518497182207,0
71.06211142661259,0.48117020857462245,0
72.23725700197606,0.5869598086298593,0
75.42154834032311,0.4369762070509647,0
67.49391283065093,0.48457451445036687,0
67.62559820742088,0.49884341938130616,0
78.83860401637003,0.690540177162575,0
77.3930113058023,0.4772477041171231,0
84.56842204186216,0.43826572455075097,0
78.15720989821541,0.46384175088898133,0
71.49984370663762,0.47637342172267805,0
70.42713218072086,0.3412925224403688,0
75.78733597896263,0.5459211559744925,0
60.81432546538141,0.49136116845645544,0
75.56891872934399,0.4925984547227906,0
71.962578225067,0.6801389376677369,0
89.47801745755982,0.3609797466358634,0
78.26612357170458,0.5328773772651916,0
75.9442569946095,0.487173571813494,0
70.17963654427332,0.6518846369382824,0
62.96280161676873,0.2951212358140992,0
88.94630059157647,0.6025677908618774,0
66.87506293832466,0.4666887598631488,0
80.25452577740948,0.5459863937008808,0
84.24501151497711,0.3637683629127064,0
85.79865463470679,0.508760301198691,0
91.15897482442693,0.7433455076502963,1
79.37465733177002,0.5082031563946952,0
60.096120333491925,0.5303972954769159,0
83.90024008600568,0.3513201503389354,0
83.28658497899387,0.6806901519561467,0
70.61196666476927,0.394341164216374,0
78.00230791868522,0.47387556704698386,0
64.08819753811991,0.4012354234083028,0
79.88017687064882,0.33804292818308845,0
86.9567545424401,0.5018050204065125,0
75.98725201825245,0.49941487987483507,0
75.65981753745453,0.5807265733624399,0
73.70535471113251,0.6446771714882255,0
77.98871133584507,0.6613096317383784,0
79.67390890328993,0.812446560806879,1
73.04452952872835,0.37562938089700376,0
42.91716620770404,0.21397055234213103,0
86.01485571040082,0.46193666155678326,0
86.00118853821498,0.5437170647080711,0
75.23316738867612,0.5950328355186931,0
84.76006036513769,0.546681175072091,0
89.64347961197785,0.332862761531157,0
75.63746230692868,0.201405447482089,0
64.70622502681815,0.47912647985268614,0
76.00428042366197,0.6509039530227759,0
66.90579604731454,0.5983912928485526,0
80.54485203958279,0.45565630133808954,0
73.3988613082219,0.5981852313280741,0
64.1628912009915,0.3291139347749073,0
82.54901459390345,0.5121595190807211,0
64.32884720338336,0.5497707235071508,0
86.41921792385969,0.6172829142112342,0
78.88167009174475,0.5228146682942977,0
59.470174005143924,0.6581352244775537,0
81.40873298773438,0.4842436773670725,0
72.52248312685916,0.22273836112144058,0
70.06224318668808,0.470103980687652,0
81.8962449640025,0.6288526546190356,0
77.63941333669659,0.5640005893970563,0
67.59605298526446,0.4251475883635628,0
85.790590639968,0.5760129236630661,0
79.32169742246407,0.39916565174399593,0
68.3779312929084,0.5093286685858557,0
76.54600739815625,0.6960351877718451,0
85.07313547888018,0.3953361956867969,0
77.45768493269745,0.5847670125297909,0
71.21014902988057,0.6153735593394507,0
89.35811153604277,0.49672370226349044,0
76.74709360066632,0.5222431965933467,0
85.73993494639578,0.584327719929064,0
72.62587514145216,0.4175798893353,0
83.74073575166574,0.7815311416230075,1
77.74008972032206,0.5341445388065525,0
82.12089668704405,0.40188288121046156,0
81.69912221518948,0.6616592244619456,0
76.52173725945262,0.4346770286618867,0
72.7859311996234,0.32924653299508655,0
77.84375583312566,0.5030494799989746,0
74.89318455062829,0.5725662965217171,0
82.00369560154279,0.5549313275082335,0
97.5507899088381,0.3733225273619384,1
78.83370538618912,0.31517097709183517,0
85.75819006940257,0.5602785525706514,0
59.16905164884972,0.43906482195182217,0
69.36876545968954,0.4921798250852778,0
72.69911101830141,0.45959935795662793,0
85.96462409030833,0.303740788092355,0
74.74590076722635,0.4511416504105313,0
49.84730017440957,0.6054369343340766,0
62.264768832284055,0.5127922345445927,0
83.40784591685669,0.6346578237484695,0
